index,Topic,Count,Name,Representation,Zephyr,Representative_Docs
0,-1,4623,-1_young_life_man_love,"young,life,man,love,woman,new,family,friends,world,lives","
""Youthful Pursuits & Unconventional Love"",,,,,,,,,","A young man's obsession with making others happy drives him to help the girl he loves marry someone else, then try to win her heart.,An American woman on a revenge mission travels to India and befriends two journalists seeking justice for violent crimes against women.,Married to two women – each unaware of the other – a man finds his double life threatened when an old friend who knows his not-so-little secret arrives."
1,0,415,0_standup_comedian_comedy_special,"standup,comedian,comedy,special,comic,stage,humor,comedians,funny,takes","
Stand-Up Comedy Specials,,,,,,,,,","John Mulaney and his kid pals tackle existential topics for all ages with catchy songs, comedy sketches and special guests in a nostalgic variety special.,Stand-up comedy star Kevin Hart delivers his unique perspective on work, race, family and friends with this laugh-riot comedy show.,Chris Rock takes the stage in Brooklyn for a comedy special filled with searing observations on fatherhood, infidelity and American politics."
2,1,145,1_dog_cat_adventures_fun,"dog,cat,adventures,fun,animal,adorable,pets,friends,furry,cats","
""Furry Friends on Adventures"",,,,,,,,,","Two quirky cats, Ollie and Moon, and their friend Stanley the snail travel the world, solving everyday problems and learning about different cultures.,Join adorable kitten Oggy and his cast of cat pals in a bright and colorful kitty world. They're always on the go for fun times and fantastic adventures!,A wacky rabbit and his gang of animal pals have fun solving problems, sharing stories and exploring their sometimes magical, always special world."
3,2,138,2_siblings_sisters_brothers_twins,"siblings,sisters,brothers,twins,separated,family,twin,sister,estranged,identical","
""Sibling Rivalries and Family Secrets"",,,,,,,,,","When two brothers fall for two sisters, they quickly realize the age differences between them are too big to ignore.,Reunited by their father's death, estranged siblings with extraordinary powers uncover shocking family secrets – and a looming threat to humanity.,Two brothers clash with their half-siblings when a visit home to see their dying mother surfaces old secrets and becomes a fight for survival."
4,3,129,3_agent_terrorist_cia_intelligence,"agent,terrorist,cia,intelligence,mission,attack,elite,terrorists,government,undercover","
CIA Agents vs Terrorist Missions,,,,,,,,,","When an imprisoned terrorist cell hijacks a high-security prison in outer space, a CIA agent becomes the one chance of stopping them.,When a retired CIA agent is kidnapped, his son, a government analyst, embarks on an unauthorized mission to find him and halt a terrorist plot.,An elite squad of Navy SEALs is tasked with rescuing a kidnapped CIA agent from a lethal terrorist cell."
5,4,116,4_soccer_player_football_team,"soccer,player,football,team,coach,baseball,hockey,basketball,league,high","
""Soccer Players and Coaches"",,,,,,,,,","A determined boy will do anything to become a great soccer player, despite the wishes of his grandfather.,Wishing to settle an old score, a promising soccer player defies his coach’s wishes and leads his team to participate in a violent form of the sport.,A young soccer player sets out to prove he can lead his team to a championship – but being a winner is about more than just talent."
6,5,113,5_detective_murder_killer_case,"detective,murder,killer,case,serial,cases,police,detectives,criminal,investigates","
""Detective Murder Cases"",,,,,,,,,","A detective assists with an investigation into a brutal mass murder case in which his twin brother is the prime suspect.,A gifted detective takes a job in a small town so he can spend more time with his family. But he's soon drawn into a web of disturbing murder cases.,A homicide detective, a criminal profiler and a journalist team up to nab a serial killer whose murders are inspired by the classic game of Hangman."
7,6,101,6_film_actor_films_filmmaker,"film,actor,films,filmmaker,filmmakers,star,hollywood,short,collection,indian","
""Hollywood Actors in Unconventional Film Roles"",,,,,,,,,","Explore the unconventional career of Sunny Leone, who transitioned from adult film star to Bollywood actress and reality TV star.,When a major star is kidnapped from a movie set, a hard-charging but overwhelmed studio boss sets out to find the actor and save the film.,A down-and-out Hollywood actor is utterly unprepared for the eccentricities that await when an Indian producer offers him a role in a Bollywood film."
8,7,100,7_prison_crime_brother_drug,"prison,crime,brother,drug,gangster,revenge,man,jail,death,criminal","
""Prison-Crime-Brotherhood"",,,,,,,,,","Fresh out of prison, an ex-con tries to save his debt-ridden brother and the family pub until local mobsters draw him back to a criminal underworld.,While serving life in prison, a young man looks back at the people, the circumstances and the system that set him on the path toward his crime.,A young man framed for a crime escapes a prison sentence by faking his own death and assuming a new identity as he seeks revenge."
9,8,96,8_documentary_animals_natural_earths,"documentary,animals,natural,earths,climate,nature,species,explores,creatures,wildlife","
""Natural Wonders & Climate Impact: Documentaries Exploring Animals & Species"",,,,,,,,,","Little animals embark on big adventures across the U.S. in a dramatic nature series that explores their hidden worlds and epic survival stories.,Experience our planet's natural beauty and examine how climate change impacts all living creatures in this ambitious documentary of spectacular scope.,Look behind the scenes of this wildlife documentary series that examines how animals around the world adapt to chaotic natural phenomena."
10,9,92,9_school_teacher_high_student,"school,teacher,high,student,students,college,schools,bullied,law,grade","
""High School Teacher Drama"",,,,,,,,,","When daydreamer Ishaan is sent to boarding school, an unconventional art teacher tries to help the imaginative student discover his true identity.,A high school teacher volunteers to transform five notorious misfits into model students — and has unintended results.,The life of a seemingly ordinary high school student with a mysterious past is turned upside down when a group of strangers show up and wreak havoc."
11,10,86,10_christmas_santa_holiday_claus,"christmas,santa,holiday,claus,pole,rainbow,santas,eve,north,save","
""Christmas Rescue at the North Pole"",,,,,,,,,","It's Christmas Eve in Pitchfork Pines, and the Super Monsters are joining forces to deck the halls, find Santa's missing reindeer and save the holiday!,To save Christmas, Luccas and Gi head to the North Pole and are recruited by Santa Claus to find all the gifts that have mysteriously disappeared.,In this warm-hearted tale, a young boy's faith in the holiday spirit is revived after he makes his way by train to the North Pole on Christmas Eve."
12,11,86,11_mother_single_mom_daughter,"mother,single,mom,daughter,son,father,estranged,woman,moms,pregnant","
Single Mothers and Family Dynamics,,,,,,,,,","When her estranged mother falls into a coma, a self-made single mom grapples with regret and resentment while reflecting on their strained relationship.,When an evicted single mom's estranged father dies, she and his second wife cover up his death after learning they've been written out of his will.,In a reimagining of the TV classic, a newly single Latina mother raises her teen daughter and tween son with the ""help"" of her old-school mom."
13,12,85,12_earth_planet_space_alien,"earth,planet,space,alien,aliens,crew,spaceship,mars,mission,ufo","
""Alien Adventures on Earth"",,,,,,,,,","A broken spaceship strands four very tiny aliens on Earth, where they discover an adventure (and strange dangers!) that they never expected.,Stranded when the Earth is suddenly destroyed in a mysterious cataclysm, the astronauts aboard a marooned space station slowly lose their minds.,An alien ordered to colonize Earth abandons his mission when he hears music for the first time and is determined to save his adopted planet."
14,13,80,13_rock_band_interviews_footage,"rock,band,interviews,footage,documentary,concert,music,featuring,iconic,tour","
""Rock Band Documentaries: Interviews & Concert Footage"",,,,,,,,,","With rare footage and candid interviews, this documentary details the serendipitous pairing of legendary rock band Queen and powerhouse Adam Lambert.,In addition to concert scenes and studio recording sessions, this documentary presents exclusive interviews of the five men from the Irish rock band.,Featuring rare concert footage and interviews with legendary musicians, this documentary traces Bob Dylan's life story and extraordinary career."
15,14,66,14_couple_couples_marriage_relationship,"couple,couples,marriage,relationship,romance,love,unexpected,romantic,feelings,relationships","
""Couples and Marriage: Unexpected Journeys"",,,,,,,,,","A couple’s five-year marriage is put on the line when each of their first loves comes back hoping for another shot at romance.,It's love at first sight for a young couple repelled by the concept of marriage, but their view shifts when they meet their older-couple neighbors.,Bored in their happy marriage, a couple decides to spice things up by fighting more, but their game takes the relationship on an unexpected path."
16,15,63,15_haunted_paranormal_ghosts_ghost,"haunted,paranormal,ghosts,ghost,abandoned,visions,eerie,redevelop,unearthly,alarms","
Haunted Abandoned Property Alarms Redevelopment,,,,,,,,,","Paranormal activity at a lush, abandoned property alarms a group eager to redevelop the site, but the eerie events may not be as unearthly as they think.,Paranormal activity at a lush, abandoned property alarms a group eager to redevelop the site, but the eerie events may not be as unearthly as they think.,Paranormal activity at a lush, abandoned property alarms a group eager to redevelop the site, but the eerie events may not be as unearthly as they think."
17,16,63,16_chef_food_culinary_cuisine,"chef,food,culinary,cuisine,chefs,cooking,restaurant,dishes,ingredients,explore","
""Culinary Battles & Exploration"",,,,,,,,,","Chef and food writer Samin Nosrat travels the world to explore four basic keys to wonderful cooking, serving up feasts and helpful tips along the way.,Black food is American food. Chef and writer Stephen Satterfield traces the delicious, moving throughlines from Africa to Texas in this docuseries.,Writer, director and food enthusiast Jon Favreau and chef Roy Choi explore food in and out of the kitchen with accomplished chefs and celebrity friends."
18,17,62,17_martial_arts_fu_kung,"martial,arts,fu,kung,shaolin,master,ip,tournament,ming,trains","
""Kung Fu Masters and Tournaments"",,,,,,,,,","Martial arts master Ip springs into action when his son's school is threatened by a shady American, then defends his status as wing chun champion.,In this kung fu tale set in Beijing, a young man armed with incomparable martial arts skills gets embroiled in the world of underground fight clubs.,Recruited by a British agent, Shaolin master Lee infiltrates a remote island and a brutal martial arts tournament to spy on a sinister crime lord."
19,18,60,18_cop_police_undercover_cops,"cop,police,undercover,cops,officer,corruption,crime,honest,detroit,rookie","
""Undercover Cops Fighting Corruption"",,,,,,,,,","Two rookie Boston cops are sent deep undercover – one inside the gang of a charismatic Irish mob boss and the other double-crossing his own department.,Sent undercover to investigate suspicious activity among a group of college students, a police officer gets more invested in his role than expected.,A police inspector kills himself after a powerful gangster frames him for corruption – but soon the thug faces the full force of cop Bajirao Singham."
20,19,57,19_driver_india_taxi_indian,"driver,india,taxi,indian,muslim,hindu,poverty,village,caste,indias","
""Indian Taxi Drivers and Social Struggles"",,,,,,,,,","When a poor taxi driver falls in love with a wealthy young woman, he must stand up to her family and contend with his own insecurities.,A small-town taxi driver is arranged to be married, resulting in an intimate look at the clash between modernity and tradition in India.,A taxi driver, a gangster and an athlete struggle to better their lives despite obstacles like crooked politicians, evil dons and caste barriers."
21,20,53,20_lawyer_attorney_accused_innocence,"lawyer,attorney,accused,innocence,case,defense,murder,prosecutor,killing,law","
Lawyer Defense Against Murder Accusations,,,,,,,,,","Hired by a singer to defend her friend, who has been accused of murder, a formidable lawyer learns that the man he represents may not be innocent.,The murder of a teen girl impacts a public prosecutor linked to the victim, a lawyer seeking a career-making case and a suspect who says she's innocent.,A lawyer defends his childhood friend – and girlfriend's brother – in a murder case, unaware of his own deep connection to the attorney he’s up against."
22,21,53,21_documentary_riots_1992_activists,"documentary,riots,1992,activists,justice,malcolm,follows,fight,injustice,african","
""Documentaries on Social Justice and Police Brutality"",,,,,,,,,","Activists around the world fight injustice and drive social change in this documentary that follows their participation in the music video ""Solidarité."",Delving into the disappearance of 43 college students in Mexico, this documentary seeks to give justice and a voice to the victims and their families.,This documentary chronicles simmering tension and broken trust between L.A.'s black community and police in the decade before the Rodney King riots."
23,22,50,22_high_crush_student_school,"high,crush,student,school,college,classmate,shy,friend,romance,jock","
""High School & College Crushes"",,,,,,,,,","When teenager Elle's first kiss leads to a forbidden romance with the hottest boy in high school, she risks her relationship with her best friend.,A quirk of fate sends an ordinary, sweet-natured high school girl and her father into the home of the school genius, on whom she has a huge crush.,A shy college student with a knack for drawing develops a crush on a musically gifted classmate and embarks on a journey of self-discovery."
24,23,49,23_zombie_survivors_apocalypse_zombies,"zombie,survivors,apocalypse,zombies,survive,virus,quarantine,flesheating,survival,strangers","
Zombie Survival Saga,,,,,,,,,","In the dark, early days of a zombie apocalypse, complete strangers band together to find the strength they need to survive and get back to loved ones.,As a zombie plague ravages their rural Quebec town, a scrappy band of survivors join forces to flee the infected hordes in this quiet thriller.,In the wake of a zombie apocalypse, survivors hold on to the hope of humanity by banding together to wage a fight for their own survival."
25,24,49,24_father_dad_man_family,"father,dad,man,family,returns,estranged,switched,son,begins,recalling","
""Fatherly Relationships: Estrangement, Switching, and Redemption"",,,,,,,,,","Amid an impasse in his marriage, a father in Tehran is beset by a bitter feud involving the family of a pious caretaker he hired for his aging dad.,After growing up enduring criticism from his father, a young man finds his world shaken upon learning he was switched at birth with a millionaire’s son.,After growing up enduring criticism from his father, a young man finds his world shaken upon learning he was switched at birth with a millionaire’s son."
26,25,48,25_doctor_patients_hospital_doctors,"doctor,patients,hospital,doctors,medical,patient,diagnoses,plastic,chicago,psychiatrist","
""Medical Professionals and Patients in Hospitals"",,,,,,,,,","Four doctors at New York's storied Lenox Hill Hospital balance their personal lives and their dedication to their patients in this documentary series.,Every day is extraordinary for five doctors and their patients inside a hospital, where birth, death and everything in between coexist.,At a hospital in Lagos, a doctor yearning for more field experience meets patients with various ailments that test his spiritual and medical beliefs."
27,26,46,26_bheem_chhota_singham_bheems,"bheem,chhota,singham,bheems,little,dholakpur,krishna,demon,save,kaal","
""Bheem Saves Dholakpur and Beyond"",,,,,,,,,","When Dholakpur’s princess is kidnapped, Bheem is off to the land of the Incas to save her, but he’s in for an even bigger challenge upon his arrival.,Bheem and King Indraverma travel to Rome for a trading venture, but when the king of a neighboring land attacks, can Bheem’s wile and wit save the day?,In this 3D-animated spinoff from the Chhota Bheem series, valiant superhero Bheem goes beyond his village to fight the good fight across the universe."
28,27,44,27_contestants_competition_prize_compete,"contestants,competition,prize,compete,100000,artists,players,hosted,win,game","
""Contestant Competitions with Prizes"",,,,,,,,,","In this karaoke competition hosted by Palina Rojinski, contestants must hit the right note for a chance to win up to 30,000 euros.,In this reality series, physique meets fashion as contestants compete in challenges to transform both body and image for the grand prize of $100,000.,Be yourself or someone else? In this fun reality competition, online players try their best to flirt, bond and catfish their way to a R$300,000 prize."
29,28,44,28_heist_thieves_thief_bank,"heist,thieves,thief,bank,steal,diamond,pull,heists,crew,daring","
Daring Heist Thrillers,,,,,,,,,","When a jewel thief pulls off a risky diamond heist with his crew, a gang kidnaps his young daughter and steals the loot as a rival agent offers his help.,A talented thief teams up with an aspiring actress to steal art from LA's high rollers. For their last heist, they're going for the ultimate: freedom.,In 1994, a team of thieves plans an ambitious heist to steal millions from Colombia's Bank of the Republic. Inspired by true events."
30,29,43,29_shark_mermaid_underwater_octonauts,"shark,mermaid,underwater,octonauts,sea,dolphin,mermaids,ocean,amity,island","
""Shark Adventures in Underwater Caves"",,,,,,,,,","Four years after the last deadly shark attacks, police chief Martin Brody fights to protect Amity Island from another killer great white.,When an insatiable great white shark terrorizes Amity Island, a police chief, an oceanographer and a grizzled shark hunter seek to destroy the beast.,After another deadly shark attack, Ellen Brody has had enough of Amity Island and moves to the Caribbean – but a great white shark follows her there."
31,30,40,30_politician_political_scandal_presidential,"politician,political,scandal,presidential,president,corrupt,corruption,election,donald,candidate","
Political Corruption Scandals,,,,,,,,,","A New Orleans politician finds his idealistic plans for rebuilding after a toxic oil spill unraveling thanks to a sex scandal.,A budding politician has devious plans to rise in the ranks — until an unexpected new presence begins to interfere with his every crooked move.,A budding politician has devious plans to rise in the ranks — until an unexpected new presence begins to interfere with his every crooked move."
32,31,40,31_wedding_bride_planner_arranged,"wedding,bride,planner,arranged,weddings,engaged,couples,dream,newlywed,marriage","
""Wedding Planning Tips & Unconventional Weddings"",,,,,,,,,","Here comes the bride, and she's got plenty to say. Newlywed Iliza Shlesinger dissects wedding traditions as she mines her nuptials for laughs.,After a young man charms the girl he loves into accepting his proposal, an accidental swap on their wedding day leads him to marry the wrong bride.,After failing to deliver for a demanding bride, a wedding planner makes a bold business move and throws the wedding of the year — for herself."
33,32,38,32_dance_dancer_ballet_dancing,"dance,dancer,ballet,dancing,dancers,ballerina,step,street,hiphop,dreams","
Dance Dreams: Ballet, Street, and Beyond,,,,,,,,,","Despite discouragement from her loved ones, a talented street dancer tries out for an exclusive dance crew in a bid to win a college scholarship.,This drama series follows young dancers at the Next Step Dance Studio as they attempt to win the coveted regional dance championships.,When a ballroom dancer’s shot at a crucial tournament is jeopardized, a street dancer must face his own painful past and step up as her new partner."
34,33,38,33_naruto_ninja_inuyasha_yakuza,"naruto,ninja,inuyasha,yakuza,ninjas,halfdemon,hozuki,ninjago,hattori,yukishiro","
""Naruto Ninja Adventures"",,,,,,,,,","When strange ninjas ambush the village of Konohagakure, it's up to adolescent ninja Naruto and his long-missing pal, Sasuke, to save the planet.,Mistakenly accused of an attack on the Fourth Raikage, ninja Naruto is imprisoned in the impenetrable Hozuki Castle and his powers are sealed.,Mistakenly accused of an attack on the Fourth Raikage, ninja Naruto is imprisoned in the impenetrable Hozuki Castle and his powers are sealed."
35,34,38,34_nazi_nazis_jews_hitlers,"nazi,nazis,jews,hitlers,auschwitz,adolf,prisoners,germanys,holocaust,reich","
""Nazi Crimes Against Jews During WWII"",,,,,,,,,","Captured by Nazis and sent to Auschwitz, a Jewish musician is assigned to soothe other prisoners marching to their deaths in the gas chambers.,Shocking footage shows Nazi concentration camps after liberation, including Buchenwald and Ohrdruf, where Gen. Eisenhower ordered local Nazis to tour.,This documentary series examines the Einsatzgruppen, Nazis responsible for the mass murder of Jews, Romani and Soviet prisoners in Eastern Europe."
36,35,37,35_superheroes_villains_superhero_save,"superheroes,villains,superhero,save,thanos,spiderman,marvel,avengers,evil,tony","
Superhero Squads & Villains,,,,,,,,,","Superheroes amass to stop intergalactic sociopath Thanos from acquiring a full set of Infinity Stones and wiping out half of all life in the universe.,Four animal superheroes called the Miniforce transform into robots to protect small and defenseless creatures from the hands of scheming villains.,A mysterious ""time master"" from the future unites an unlikely group of superheroes and villains to save the world from a powerful evil."
37,36,37,36_demon_sword_humanity_awakened,"demon,sword,humanity,awakened,demons,evil,grail,demonic,deity,swords","
Demonic Sword and Awakened Evil,,,,,,,,,","A powerful demon has been sealed away for 200 years. But when the demon's son is awakened, the fate of the world is in jeopardy.,The Great Dog Demon beaqueathed one of the Three Swords of the Fang to each of his two sons. Now the evil power of the third sword has been awakened.,The Great Dog Demon beaqueathed one of the Three Swords of the Fang to each of his two sons. Now the evil power of the third sword has been awakened."
38,37,36,37_pablo_mexican_el_escobars,"pablo,mexican,el,escobars,drug,escobar,luis,jos,colombia,colombian","
Mexico-Colombia Drug Lords: Escobar & El Chapo Stories,,,,,,,,,","Based on real events, the fictional story of Mexican drug lord El Chato's number one hitman, El Cholo.,Through rare interviews, images and wiretap audio, this documentary reconstructs the last nine years of Colombian drug lord Pablo Escobar's life.,This drama series chronicles the true story of the rise, capture and escape of notorious Mexican drug lord Joaquín ""El Chapo"" Guzmán."
39,38,34,38_dragon_dragons_king_throne,"dragon,dragons,king,throne,kingdom,knight,prince,hiccup,lucis,empress","
""Dragon Adventures"",,,,,,,,,","When a musical dragon with a beautiful voice hypnotizes the dragons and people of Huttsgalor, the Rescue Riders have to find a way to break the spell.,Hiccup, Toothless and a mysterious dragon rider join forces to protect the island of Berk from a power-hungry warrior with a dragon army of his own.,A conflicted yet courageous Dragon Knight must use the power of the dragon within to stop a deadly demon in this epic fantasy based on the online game."
40,39,32,39_teens_teenagers_supernatural_group,"teens,teenagers,supernatural,group,bye,june,haunted,spirit,ritual,teenager","
""Teen Supernatural Horror"",,,,,,,,,","After ignoring superstitions, a group of teenagers find themselves in a fight for their lives when they are haunted — and hunted — by an evil spirit.,A group of teens get caught up in a supernatural clash as vengeful spirits from centuries past rise up in the Liberdade district of São Paulo.,A group of daring teens finds themselves in a fight for their lives inside a haunted house when a sinister spirit crashes their Halloween party."
41,40,32,40_businessman_corporate_owner_business,"businessman,corporate,owner,business,job,shop,menial,anger,ugly,graduate","
Corporate Struggles and Unconventional Entrepreneurship,,,,,,,,,","When a frustrated businessman starts his own firm, it soon morphs into a way to help senior citizens refresh their dying traditional trades.,Alain Delambre, unemployed and 57, is lured by an attractive job opening. But things get ugly when he realizes he’s a pawn in a cruel corporate game.,With chiseled good looks that belie his insanity, a businessman takes pathological pride in yuppie pursuits and indulges in sudden homicidal urges."
42,41,30,41_monsters_halloween_monster_super,"monsters,halloween,monster,super,barney,stein,shrek,frankie,spooky,muertos","
Super Monsters & Halloween/Día de los Muertos Celebrations,,,,,,,,,","After learning that monsters and ""Normies"" used to spend Halloween together, Frankie Stein and her pals rally both groups for a frightfully good time.,The Super Monsters celebrate Día de los Muertos in Vida’s hometown with her magical family, some new monster friends and a spook-tacular parade!,The Super Monsters share their Halloween traditions with Vida, then get invited to a Día de los Muertos party in the Howlers' backyard."
43,42,30,42_friends_group_best_relationships,"friends,group,best,relationships,20somethings,party,road,apartment,gay,prank","
""Friendship & Life's Challenges: Young Adults Navigating Love, Pranks & Apartment Living"",,,,,,,,,","Between divorce, bad relationships and coming out as gay, a group of affluent friends realize that none of their lives are as easy as they seem.,In this hidden-camera prank comedy, two best friends bond on a wild road trip to New York as they pull real people into their raunchy, raucous antics.,Living under the same roof, a group of unabashed friends wrestle with everyday issues from financial woes and shared quarters to romantic misfires."
44,43,29,43_boxer_rocky_fighter_balboa,"boxer,rocky,fighter,balboa,creed,apollo,champ,ring,boxing,trainer","
""Rocky & Creed Boxing Saga"",,,,,,,,,","Sylvester Stallone shot to fame as Rocky Balboa, an unknown fighter who's given a shot at fighting world champ Apollo Creed as a publicity stunt.,Rocky Balboa takes on the Cold War, coming out of retirement to battle a Soviet fighter who pulverized Rocky's friend and former rival, Apollo Creed.,Featuring a rousing climax, this engaging sequel finds boxer Rocky Balboa returning to the ring for a rematch against reigning champ Apollo Creed."
45,44,29,44_writer_affair_author_novelist,"writer,affair,author,novelist,romance,marriage,wife,begins,torrid,struggling","
""Affair-driven Romance in Literary World"",,,,,,,,,","In Yorkshire, a withdrawn gay farmer begins a torrid affair with a Romanian migrant worker who shows him the depths of his capacity for affection.,As her seemingly idyllic life begins to crumble, a lonely woman in a restrictive marriage starts an affair with a gentle bookstore owner.,When a novelist seeks inspiration by urging his wife to have an affair, the line between his story and his real life grows disconcertingly blurry."
46,45,28,45_wealthy_handyman_sell_inheriting,"wealthy,handyman,sell,inheriting,family,fortune,stock,fund,business,son","
""Wealthy Characters Facing Challenges"",,,,,,,,,","A handyman who has hit rock bottom agrees to live with his distant uncle, who insists that his ability to fix things extends beyond the repair shop.,A spoiled trust fund brat finds himself stuck in a rut of meaningless late-night parties – until he meets a significantly older woman and writer.,With his carefree lifestyle on the line, a wealthy charmer poses as a ranch hand to get a hardworking farmer to sell her family’s land before Christmas."
47,46,27,46_pregnant_pregnancy_onenight_nanny,"pregnant,pregnancy,onenight,nanny,stand,shes,child,infertile,surrogate,woman","
""Pregnancy Consequences from Unexpected Encounters"",,,,,,,,,","Pregnant and overwhelmed, Diana hires a caretaker for her son with severe autism. But she soon begins to fear the new nanny has sinister intentions.,A young woman's romantic cruise ends in a twist when she gets pregnant after a one-night stand with a rich executive, turning their lives upside down.,The lives of several friends are thrown into chaos when a woman becomes pregnant by her husband's gay best friend after a drunken one-night stand."
48,47,26,47_pocoyo_nursery_rhymes_tots,"pocoyo,nursery,rhymes,tots,rhyme,tunes,letters,colorful,math,sing","
""Nursery Rhyme Learning for Tots"",,,,,,,,,","Learn letters, numbers, animal sounds and more with J.J. in this edutaining series that brings fun times with nursery rhymes for the whole family!,This educational series for tiny tots features a toe-tapping spin on nursery rhymes with upbeat tunes and a diverse set of easy-to-follow lessons.,This educational series for tiny tots features a toe-tapping spin on nursery rhymes with upbeat tunes and a diverse set of easy-to-follow lessons."
49,48,26,48_convicted_series_murder_serial,"convicted,series,murder,serial,killer,cases,interviews,crimes,crime,dramatic","
Convicted Murder Series: True Crime Investigations,,,,,,,,,","Death row inmates convicted of capital murder give a firsthand account of their crimes in this documentary series.,This reality series recounts true stories of women who have been convicted for murder, including an in-depth examination of each crime.,This true crime documentary series investigates cases where people convicted of murder claim their confessions were coerced, involuntary or false."
50,49,25,49_love_ashar_manav_falls,"love,ashar,manav,falls,raj,fall,samir,arjun,middleclass,kumar","
Love in Middle Class India,,,,,,,,,","Bollywood superstar Salman Khan plays Prem, an heir to a perfume fortune who falls in love with the wrong woman in this romantic comedy.,Cinematic lovebirds Aishwarya Rai and Vivek Oberoi star in this love story about a sweet young girl, Diya, brought up by her widowed father on a coffee plantation in the village of Coorg.,Priya and Raj are polar opposites. Raj is brash and earthy, while Pirya is sophisticated and something of a perfectionist in all she does. They really are like oil and water, but nonetheless, they dare to fall in love."
51,50,25,50_athletes_crossfit_strength_elite,"athletes,crossfit,strength,elite,games,bodybuilder,moger,calum,bodybuilding,50","
""Elite Athletes Compete in CrossFit Games for Strength and Endurance"",,,,,,,,,","Special Forces trainer James Wilks asks elite athletes to compare the merits of meat, protein and plants for building strength. Spoiler: plants win.,Questions about endurance, doping and overall toughness surround a group of elite athletes as they compete fiercely at the Reebok Crossfit Games.,Top athletes from around the globe test their fitness in a four-day competition at the first-ever CrossFit Sanctional event. Let the games begin."
52,51,24,51_anthology_stories_series_horror,"anthology,stories,series,horror,people,tales,reenactments,chilling,fears,terrifying","
Horror Anthology Series: Chilling Tales & Paranormal Experiences,,,,,,,,,","Real people's terrifying tales of the chilling, unexplained and paranormal come to life with dramatic reenactments in this reality series.,This four-part anthology of short horror films features stories that include some traditional themes but all are shown from a female point of view.,In this chilling horror anthology series, actress and model Bipasha Basu meets people who have had disconcerting paranormal experiences."
53,52,24,52_women_anthology_love_nigeria,"women,anthology,love,nigeria,stories,script,fabulous,lagos,roof,bachelors","
""Female Pressures & Love Stories in Fast-Paced Nigerian Cities"",,,,,,,,,","In Lagos, Nigeria, four successful women on the verge of 50 take stock of their lives and loves over the course of one week.,A new set of six men and women start their lives together under one roof. All they get is a fabulous home and a car. As always, there is no script.,Four of the richest bachelors in Abuja, Nigeria enjoy a life of fast cars, palatial homes and female attention while concealing their true activities."
54,53,23,53_racing_drivers_formula_cars,"racing,drivers,formula,cars,fast,nascar,racers,race,ferrari,garage","
""Formula Racing: Rivalries, Supercars & Legends"",,,,,,,,,","The drivers of exotic supercars put their street cred on the line against deceptively fast sleeper cars built and modified by true gearheads.,This fast-paced documentary profiles Ayrton Senna, one of the greatest drivers in the history of Formula One racing, and a hero in his native Brazil.,Drivers, managers and team owners live life in the fast lane – both on and off the track – during one cutthroat season of Formula 1 racing."
55,54,23,54_rangers_power_samurai_ranger,"rangers,power,samurai,ranger,master,evil,repulsa,dino,rpm,rita","
""Samurai Power Rangers Dream Battles"",,,,,,,,,","A new generation of Power Rangers must master the Symbols of Samurai Power, which give them control over the Earth's elements to battle dark forces.,The Samurai Rangers get stuck in the Megazord's cockpit on Christmas Eve when it breaks down. Can the Rangers get out in time for Christmas?,The Power Rangers' new member, Dillon, isn't sure he wants to be on the team until he has a dream that sets the Rangers into action."
56,55,23,55_singer_singersongwriter_songs_compose,"singer,singersongwriter,songs,compose,tortured,poignant,100,challenged,session,musical","
""Tortured Songwriter's Musical Journey"",,,,,,,,,","Challenged to compose 100 songs before he can marry the girl he loves, a tortured but passionate singer-songwriter embarks on a poignant musical journey.,Challenged to compose 100 songs before he can marry the girl he loves, a tortured but passionate singer-songwriter embarks on a poignant musical journey.,Challenged to compose 100 songs before he can marry the girl he loves, a tortured but passionate singer-songwriter embarks on a poignant musical journey."
57,56,22,56_monk_congregation_temple_church,"monk,congregation,temple,church,crisis,spiritual,buddhist,faith,monks,divine","
""Spiritual Crisis in Religious Communities"",,,,,,,,,","This docudrama tells the dramatic story of the monk who took on the Catholic Church, tracing his life before and after the contentious ""95 Theses."",Formerly a troubled youth, a monk is given charge of a Buddhist temple neglected by superstitious villagers under the spell of a fake psychic.,A minister who researches religious cults turns to his Buddhist monk friend for help investigating a new group with mysterious origins."
58,57,22,57_dj_musicians_music_aspiring,"dj,musicians,music,aspiring,band,passion,artistic,juggle,friends,budding","
""DJ & Musicians Pursue Passion Amidst Challenges"",,,,,,,,,","An aspiring actor and a struggling DJ team up to pursue the ladies they love and a diamond that rightfully belongs to their oversexed dog.,When they're not gorging themselves on sugary snacks, four aspiring high school musicians crank out catchy tunes as members of the Light Music Club.,The lives of a budding DJ, his loyal pal, a hopeless romantic, a jaded has-been and a troubled couple intersect at an electronic dance music festival."
59,58,22,58_marijuana_smokers_indoors_enacts,"marijuana,smokers,indoors,enacts,hardcore,facilitating,ban,drug,smoking,cigarettes","
""Indoor Smoking Ban and Marijuana Tourism: Facilitating Unlikely Connections"",,,,,,,,,","Pot activist Ruth Whitefeather Feldman runs a medical marijuana dispensary while encouraging her loyal patients to chill out and enjoy the high life.,When the Hong Kong government enacts a ban on smoking cigarettes indoors, the new law drives hard-core smokers outside, facilitating unlikely connections.,When the Hong Kong government enacts a ban on smoking cigarettes indoors, the new law drives hard-core smokers outside, facilitating a meeting between Cherie, a makeup saleswoman, and Jimmy, an advertising exec."
60,59,22,59_bank_debt_collector_loan,"bank,debt,collector,loan,million,pay,money,ticket,debts,unable","
Debt Collection Schemes and Bank Loans,,,,,,,,,","In major debt to a loan shark, a nightclub owner who's entered in a celebrity death pool tries to murder a famous figure for half a million dollars.,A debt collector takes over the management of a group of starlets after their talent agent defaults on a loan, but soon finds he's in over his head.,A bank hires an enigmatic and unorthodox debt collector to recover money from four borrowers who are unable to pay their loans."
61,60,22,60_war_ii_world_1945,"war,ii,world,1945,footage,restored,propaganda,iiera,documentary,atomic","
""WWII Colorized Documentaries & Propaganda Films"",,,,,,,,,","Rare color footage interwoven with firsthand interviews and diary entries bring to life the global sweep of World War II via those who were there.,This collection includes 12 World War II-era propaganda films — many of which are graphic and offensive — discussed in the docuseries ""Five Came Back."",Footage of the most dramatic moments from World War II is restored in color and high definition for this historical documentary series."
62,61,22,61_crime_organized_mafia_boss,"crime,organized,mafia,boss,sprawling,gang,lord,cost,kidnaps,mobster","
Organized Crime Epic,,,,,,,,,","Sicily boasts a bold ""Anti-Mafia"" coalition. But what happens when those trying to bring down organized crime are accused of being criminals themselves?,This true crime tale charts the rise and fall of mobster Danny Greene, who faced down the Mafia to gain control of organized crime in 1970s Cleveland.,This sprawling crime drama follows the true story of the Rizzuto family and its associates, who presided over organized crime in Montreal for decades."
63,62,22,62_revenge_sexually_justice_tore,"revenge,sexually,justice,tore,assaulted,irate,controlled,vigilante,wrongfully,raped","
""Vigilante Revenge Against Sexual Assault and Injustice in Mafia-Controlled Towns"",,,,,,,,,","When her small granddaughter is sexually assaulted by a powerful man and no justice is served, a poor, frail old woman plots her violent revenge.,Born into a small town controlled by the mafia, an irate young woman seeks revenge on the forces that tore apart and wrongfully imprisoned her family.,Born into a small town controlled by the mafia, an irate young woman seeks revenge on the forces that tore apart and wrongfully imprisoned her family."
64,63,21,63_unicorn_magic_lucky_magical,"unicorn,magic,lucky,magical,petunia,amazia,fei,horse,adventures,mia","
""Magical Adventures in Equestria & Amazia"",,,,,,,,,","Luna Petunia returns to magical Amazia, adding memories to her scrapbook with old friends – and a new pal from the Animal Empire.,Journey to the enchanted land of Equestria, where unicorn Twilight Sparkle and her pals have adventures and learn valuable lessons about friendship.,With help from her magic toy chest, fun-loving Luna Petunia enters the fantastic land of Amazia, where adventures, friendship and learning await."
65,64,21,64_teens_summer_school_high,"teens,summer,school,high,dormitory,friends,grapple,backgrounds,korea,chicago","
""Summer High School Dramas: Teenage Tensions and Friendships Across Cultures"",,,,,,,,,","While vacationing on the beaches of Riccione, a group of teens become friends and help each other manage romantic relationships and summer crushes.,After a chance encounter in LA, two teens from different social backgrounds reunite at an exclusive high school attended by Korea’s über rich.,Teens from a Chicago high school grapple with their dreams, relationships and identities in a transformative summer before they leave for college."
66,65,21,65_fame_dramatization_brazilian_rises,"fame,dramatization,brazilian,rises,mexicanamerican,rise,mexican,singer,latin,stardom","
Rising Latin Stars: Dramatizations of Fame and Struggle,,,,,,,,,","Idolized medium João Teixeira de Faria rises to international fame before horrifying abuse is revealed by survivors, prosecutors and the press.,This gritty dramatization of the life of Carlos Tevez shows his rise to soccer stardom amid the harrowing conditions in Argentina's Fuerte Apache.,Argentine cuarteto singer Rodrigo ""El Potro"" Bueno rises to fame amid personal struggles in this dramatization of the charismatic superstar's life."
67,66,21,66_woman_kidnapped_mother_truth,"woman,kidnapped,mother,truth,african,baby,search,uncover,daughter,kidnaps","
""African Women Seeking Truth and Lost Relatives"",,,,,,,,,","Unable to locate the elusive mother of a baby girl left on his doorstep, an Acapulco playboy unexpectedly begins to develop feelings for the tot.,Kidnapped, confined to a tiny room and raped, a young woman gives birth to a son. When he reaches his fifth birthday, she begins plotting an escape.,South African spy Queen Sono finds herself in a nefarious web of business and politics as she seeks to uncover the truth behind her mother's death."
68,67,20,67_magician_austin_fights_swingin,"magician,austin,fights,swingin,dons,dr,mask,diabolical,superspy,wrestling","
Magic, Wrestling, Spies, and Diabolical Geniuses,,,,,,,,,","In 1806, ambitious magician Norrell leads a revival of practical magic in England and ignites a fierce rivalry with bold young conjurer Strange.,A swingin' fashion photographer by day and a groovy British secret agent by night, superspy Austin Powers must foil the sinister schemes of Dr. Evil.,When diabolical genius Dr. Evil travels back in time to steal superspy Austin Powers's ""mojo,"" Austin must return to the swingin' '60s himself."
69,68,20,68_vampire_bella_werewolf_edward,"vampire,bella,werewolf,edward,vampires,jacob,elena,werewolves,swan,human","
""Vampire-Werewolf Romance"",,,,,,,,,","When Bella Swan moves in with her father, she starts school and meets Edward, a mysterious classmate who reveals himself to be a 108-year-old vampire.,Still reeling from the departure of vampire Edward Cullen, a heartbroken Bella Swan finds comfort in her friendship with werewolf Jacob Black.,With a bloodthirsty enemy on a quest for revenge, Bella must reconcile her love for vampire Edward and her growing feelings for werewolf Jacob."
70,69,19,69_marry_arranged_woman_marriage,"marry,arranged,woman,marriage,settle,pressured,loop,union,bachelor,pressure","
""Marriage Pressure and Unconventional Choices"",,,,,,,,,","Under pressure to marry, a perennial bachelor hires a much younger woman to act as his fiancée, but her bond with his family throws his plan for a loop.,Pressured to marry a nice Orthodox Jewish woman, Motti is thrown for a loop when he falls for classmate Laura, who his mother will never approve of.,Eager to settle down, Abdullah searches for the right woman to marry – but the one he truly longs for may not feel the same way."
71,70,19,70_painter_art_gallery_inspiration,"painter,art,gallery,inspiration,artist,model,ambitious,transformations,twistfilled,chaebolfunded","
""Artistic Turmoil and Controversial Deals in the Art World"",,,,,,,,,","A feared critic, an icy gallery owner and an ambitious assistant snap up a recently deceased artist's stash of paintings – with dire consequences.,A sly art dealer tries to revive the career of his longtime pal, a surly painter, with a risky plan that tests their morals and friendship.,A rising Black painter tries to break into a competitive art world while balancing an unexpected romance with an ambitious law student."
72,71,19,71_home_eerie_claire_house,"home,eerie,claire,house,vacation,cameras,masked,familys,force,suburban","
Eerie Home Invasion: Privacy Violations and Sinister Forces,,,,,,,,,","Young parents-to-be Claire and Ryan move into a suburban rental home, unaware that someone is secretly watching their every move via hidden cameras.,Upping the “13 Cameras” ante, this sequel finds a family renting a vacation house that’s been customized to violate their privacy.,A family moves into a new home, where their son falls into a coma and eerie events begin to reveal something far more sinister is lurking in the house."
73,72,19,72_cancer_terminal_doctor_woman,"cancer,terminal,doctor,woman,landscape,recovering,falls,love,camille,meditative","
Cancer Journeys: Love, Landscape, and Resilience,,,,,,,,,","In search of aliens, a young woman's road trip becomes an emotional journey when she finds — and falls for — a charming companion with cancer.,Cured of what she thought was terminal cancer, Stella Abbott faces a slew of experiences – good and bad – resulting from years of ""living for today."",Faced with terminal breast cancer, a courageous wife and mother turns her suffering into a resilient message of faith, love and compassion."
74,73,18,73_pianist_piano_music_blind,"pianist,piano,music,blind,composer,hides,famous,plays,handsome,suspicious","
""Blind Pianist and Suspicious Neighbor Romance"",,,,,,,,,","Enchanted by a pretty pianist and the haunting melody she plays, a musical prodigy falls in love. But a secret soon threatens to derail their romance.,Kai grows up playing an old piano discarded in the woods; Shuhei's father is a famous pianist. Their chance meeting transforms their lives and music.,A blind pianist fears for her life after the suspicious death of her neighbor, the daughter of a businessman accused of war crimes."
75,74,18,74_photographers_insight_technological_documentary,"photographers,insight,technological,documentary,culture,production,cultural,stony,statistics,mythbusters","
""Photography & Refugee Insight, Tech & Documentary Culture"",,,,,,,,,","With the science of forecasting flourishing, this documentary explores how predictions inform our lives and statistics and algorithms' reliability.,Kari Byron, Tory Belleci and Grant Imahara rank history's greatest inventions, heists and more in this series from the producers of ""MythBusters."",Five acclaimed photographers travel the world to provide detailed insight into the difficult conditions faced by refugees who dream of a better life."
76,75,17,75_drug_smuggler_trafficking_narcotics,"drug,smuggler,trafficking,narcotics,cartel,police,colombia,smugglers,dealers,cocaine","
""Drug Trafficking and Smuggling Chronicles"",,,,,,,,,","Cocaine smuggler George rises from poverty to become one of the biggest drug dealers in America before his eventual downfall.,Four intrepid and impulsive police officers form a special narcotics unit to combat the birth of drug trafficking on Spain's Costa del Sol in the 1970s.,A petty smuggler from Busan dives headfirst into illicit drug trafficking in the 1970s and rises to become king of narcotics exports to Japan."
77,76,17,76_virtual_video_game_online,"virtual,video,game,online,reality,fantasy,games,users,gamer,dark","
Virtual Gaming Realities,,,,,,,,,","A lonely young woman hooked on a virtual reality game befriends a party girl who leads her into a world of new thrills and dark secrets.,Fantasy and reality collide when a surprisingly diverse group of online video-game addicts struggle to balance the game with personal relationships.,When a fashion blogger falls for a video game vlogger, their romance goes viral. But separating their virtual life from reality gets complicated."
78,77,17,77_bakers_competition_5000_sweets,"bakers,competition,5000,sweets,recreate,treats,chefs,amateur,cake,desserts","
""Amateur Baking Competitions with 5000 Prizes"",,,,,,,,,","On this competition show, novice bakers try to avoid a fiasco while duplicating stunning sweets. At stake are a trophy and 5,000 euros.,A dozen amateur bakers amiably compete for the coveted title of Britain's best as they whip up tasty treats for judges Mary Berry and Paul Hollywood.,The fun, fondant and hilarious cake fails head to Mexico, where very amateur bakers compete to re-create elaborate sweet treats for a cash prize."
79,78,17,78_bus_ms_train_thomas,"bus,ms,train,thomas,ride,deliveries,frizzle,beep,frizzles,trains","
""Ms. Frizzle & Thomas' Adventures: Bus vs Train"",,,,,,,,,","Ms. Frizzle's kid sister Fiona takes the wheel at Walkerville Elementary, leading the class on wild adventures packed with science-fueled fun.,Lightning splits the Magic School Bus into three pieces, scattering the class across the globe with different versions of Ms. Frizzle aboard each bus!,Join Ms. Frizzle as the Magic School Bus travels to outer space, under the sea, through an anthill – and even inside the human body!"
80,79,16,79_obsession_commits_woman_charm,"obsession,commits,woman,charm,attraction,present,man,girlfriend,past,ex","
Obsessive Love Triangles,,,,,,,,,","A woman's daring sexual past collides with her married-with-kids present when the bad-boy ex she can't stop fantasizing about crashes back into her life.,A man's instant attraction to a woman becomes an obsession as he adopts a friend's identity and even commits murder in order to get closer to her.,When a man outgrows a childhood friendship and commits to marrying his girlfriend, obsession and spiritual warfare soon disrupt his peaceful life."
81,80,16,80_prostitute_teresa_smuggling_flight,"prostitute,teresa,smuggling,flight,trafficking,cartel,expose,drug,undercover,sexualitys","
""Drug Trafficking & Prostitution Exposure"",,,,,,,,,","In Lagos, a journalist goes undercover as a prostitute to expose human trafficking. What she finds is a world of exploited women and ruthless violence.,This compelling show tells the story of the legendary Teresa Mendoza, a courageous woman who is perceived as conquering the world of drug trafficking.,Forced to work for a cartel that recently killed her boyfriend, Teresa relies on her street smarts, a loyal pal and a mysterious notebook to survive."
82,81,15,81_basketball_nba_players_documentary,"basketball,nba,players,documentary,sports,rugby,harlem,cup,championship,greatest","
""Basketball Documentaries: Champions, Legends & Inspiration"",,,,,,,,,","Featuring eight-time NBA All-Star Vince Carter, this documentary takes an in-depth look at his impact on pop culture and the Canadian basketball scene.,This documentary celebrates the 50th anniversary of the Harlem sports program that has inspired countless city kids to become pro basketball players.,From gifted athlete to professional NBA hooper, Coney Island's Stephon Marbury navigates the pressures, pitfalls and peaks of his basketball journey."
83,82,15,82_writer_manipulating_publishing_screenwriter,"writer,manipulating,publishing,screenwriter,write,aspiring,harriet,gentrified,insert,indulge","
Manipulative Writers and Publishing Pursuits,,,,,,,,,","An educated man assists the illiterate residents of his village with written correspondence, sometimes manipulating the letters to suit his interests.,An aspiring writer with no imagination seeks inspiration for his novel by manipulating the lives of his neighbors so that he can write about them.,Elite publishing sales rep Kantaro wraps up his client visits in record time so he can secretly pursue his quest to indulge in the tastiest of sweets."
84,83,15,83_heiress_wealthy_hire_mansion,"heiress,wealthy,hire,mansion,lowborn,marquis,hilarys,vendettas,invader,irked","
""Wealthy Heiresses and Con Artists"",,,,,,,,,","Manipulation and personal vendettas collide when a con artist hires a young woman to assist with his scheme to marry a wealthy heiress.,Seeing the chance to enrich himself by deceiving a blind heiress, clever con man Oh Soo just does what comes naturally – but his plans soon change.,A torrid affair between a passionate lowborn poet and a wealthy Moscow heiress is engulfed by class difference, criminality and, eventually, murder."
85,84,15,84_cross_paths_bond_strangers,"cross,paths,bond,strangers,years,sweethearts,later,separation,intertwined,vow","
""Strangers' Intertwined Fates"",,,,,,,,,","Two strangers cross paths on a train en route to Izmir, bonding over their turbulent — and unexpectedly intertwined — romantic pasts.,Meeting while on vacation, Ved and Tara sense a connection but vow to keep their real identities a secret. Years later, their paths cross again.,Two close childhood friends take drastically different paths in life, but meet by chance years later and fall in love, unaware of their past bond."
86,85,14,85_son_daughter_father_wisecracks,"son,daughter,father,wisecracks,coerce,dutifully,borne,amit,misers,dallying","
""Family Dynamics and Unexpected Parenthood"",,,,,,,,,","The last of his family line, Olaf Schubert doesn't have time for a girlfriend but dutifully searches for one when his father demands offspring.,A loving husband and father's joyful family life is rocked to its core upon the discovery that he has a young son borne from a past extramarital affair.,Yusuf and his daughter set out to buy his wife an anniversary gift, a gesture demanding much patience and negotiation skills in the West Bank."
87,86,13,86_architect_jewish_berlin_reconnect,"architect,jewish,berlin,reconnect,actressproperty,remodel,embezzles,reassess,caroline,writereditor","
""Architectural Reclamation: From Berlin to Hollywood Hills"",,,,,,,,,","Award-winning architect Piers Taylor and actress/property enthusiast Caroline Quentin travel the world to tour unconventional homes in extreme places.,An architect and his wife move into a castle that is slated to become a luxury hotel. But something inside is determined to stop the renovation.,A documentarian details her Jewish family's escape from Nazi-occupied Prague to refuge in Brazil, where her father built a life as an architect."
88,87,13,87_single_dating_dates_blind,"single,dating,dates,blind,second,singles,love,romantic,contestants,date","
""Blind Dating Contests for Singles Seeking Love"",,,,,,,,,","A single man searches for his soulmate through a series of dates with 25 contestants ready to romance him for a chance at love.,In this reality show, six singles meet five different blind dates at trendy urban hot spots in Brazil. Who will they choose for a second outing?,In each episode of flirtations and fails, one real-life single navigates five blind dates. The mission: Find one match worthy of a second date."
89,88,12,88_barbie_princess_ken_summer,"barbie,princess,ken,summer,animated,places,royal,emoji,hoverboardriding,rollerskating","
""Barbie Princess Adventures"",,,,,,,,,","Barbie stars as a princess who would rather sing and dance than be a royal. When a famous pop star visits the kingdom, they decide to switch places.,Through music and magic, Barbie learns what it's like to be a modern princess when she trades places with a royal lookalike.,At a summer performing arts program in New York City, Barbie from Malibu meets Barbie from Brooklyn, and the two become fast friends."
90,89,12,89_orphan_wilderness_superpowers_key,"orphan,wilderness,superpowers,key,raised,istanbuls,dusty,journal,polio,sixyearold","
""Orphan Adventures with Superpowers"",,,,,,,,,","An orphan subjected to tests that gave him superpowers is rescued and raised on Istanbul's streets, where he falls for a reporter linked to his past.,When his cruel uncle abandons him, a young orphan learns to access the untapped superpowers that have been waiting within him all along.,Living inside a Paris train station, an orphan eludes the rigid stationmaster, meets a legendary filmmaker and finds the key to unlocking his destiny."
91,90,12,90_priest_psychic_exorcist_possessed,"priest,psychic,exorcist,possessed,demonic,possession,darkness,powerful,malkin,malachi","
Demonic Possession and Exorcism with Priests and Psychics,,,,,,,,,","In Rome, ""Exorcist"" director William Friedkin follows a 91-year-old priest who performs a real demonic exorcism on a woman from a small Italian town.,After a purification ritual unravels, a conflicted Taoist priest attempts to help a lonely young psychic whose aunt is possessed by a powerful demon.,An inexperienced priest teams up with a hardened exorcist to stop the demonic possession of a young boy. But darkness lies where they least expect it."
92,91,12,91_missing_report_cryptic_husbands,"missing,report,cryptic,husbands,appears,multiple,scours,hyderabad,suggests,police","
""Missing Husbands Conspiracy in Hyderabad"",,,,,,,,,","Multiple women report their husbands as missing but when it appears they are looking for the same man, a police officer traces their cryptic connection.,Multiple women report their husbands as missing but when it appears they are looking for the same man, a police officer traces their cryptic connection.,Multiple women report their husbands as missing but when it appears they are looking for the same man, a police officer traces their cryptic connection."
93,92,12,92_veterans_war_traumatized_combat,"veterans,war,traumatized,combat,soldier,reenlists,handwritten,likeminded,privates,theyd","
""War Veterans and Mental Health"",,,,,,,,,","Some returning combat veterans suffer scars that are more psychological than physical. This film follows patients and staff during their treatment.,Traumatized by combat, newly returned war veterans find solace in service dogs that guide them back to a fulfilling civilian life.,Four African American veterans return to Vietnam decades after the war to find their squad leader's remains — and a stash of buried gold. From Spike Lee."
94,93,12,93_monty_python_pythons_troupe,"monty,python,pythons,troupe,sketches,comedy,sketch,german,television,ribs","
Monty Python: Legacy & Sketch Favorites,,,,,,,,,","Discover how six seemingly ordinary but supremely talented men became Monty Python, sketch comedy's revolutionary comedy troupe.,The members of Monty Python reunite on stage to talk about making their iconic show that changed sketch comedy forever.,Original members of the iconic Monty Python comedy troupe pick their all-time favorite sketches from their groundbreaking television series."
95,94,12,94_designers_expert_cabins_clutter,"designers,expert,cabins,clutter,spaces,houses,interior,owners,design,transforming","
""Expert Design Transformations: Homes, Cabins & Clutter"",,,,,,,,,","Aspiring interior designers transform a variety of spaces from dowdy to delightful as they vie for a life-changing contract with a top London hotel.,Expert home organizers Clea and Joanna help celebrities and everyday clients edit, categorize and contain their clutter to create stunning spaces.,A team of skilled contractors and designers hosted by Antonio Sabato Jr. renovates houses, cabins and even RVs, transforming properties in one day."
96,95,11,95_singleton_28_barbary_ann,"singleton,28,barbary,ann,town,lane,mary,woman,francisco,california","
""Singleton's San Francisco Community"",,,,,,,,,","When a secretive woman breezes into a quiet town, her subdued neighbors get swept up in curiosity over her ethereal presence.,In 1976, naive Mary Ann Singleton moves to San Francisco and finds a new family in her bohemian landlady and the eclectic residents at 28 Barbary Lane.,Returning to San Francisco after a long absence, Mary Ann Singleton reunites with the community of characters at 28 Barbary Lane."
97,96,11,96_designer_fashion_photographer_opens,"designer,fashion,photographer,opens,1720,dotty,pointing,advent,mez,mode","
Fashion Designer's Advent Calendar Love Story,,,,,,,,,","Revenge, passion and dark secrets push a successful fashion designer and single mother to her limits when she meets a handsome and mysterious man.,A talented photographer stuck in a dead-end job inherits an antique Advent calendar that may be predicting the future – and pointing her toward love.,In the late '60s, fashion designer Ana enlists friends Clara, Pedro and Raúl to open a store and design school in Barcelona in this ""Velvet"" spinoff."
98,97,11,97_police_detective_murders_datingsite,"police,detective,murders,datingsite,guiltstricken,pathologically,coroners,initiate,seymours,testimony","
""Detective Time Warp, Psychologist Testimony, Murder Investigations"",,,,,,,,,","Child psychologist Tom Seymour's testimony helped convict a boy of murder. Years later, their paths cross again, raising uncomfortable questions.,When a rash of murders unfolds, 6-year-old Andy knows that his toy doll Chucky is the killer, but neither his mom nor the cops believe him.,When he's not solving murders, a pathologically honest detective tries to keep an eye on his crooked but kindhearted dad."
99,98,11,98_procedure_wakes_hes_klutz,"procedure,wakes,hes,klutz,gunwielding,obannon,organizes,eref,onur,ig","
""Experimental Procedures and Unexpected Consequences"",,,,,,,,,","Accused of murder, Ig Perish wakes up one day to find he's grown a set of horns – compelling people to confess their sins to him.,Revived by an experimental procedure, a hit man gets to live an extra 24 hours – which he uses to avenge his dead wife and child and redeem himself.,Burned out on life, Miles undergoes a strange procedure at a strip mall spa – and wakes to find he's been replaced by a better version of himself."
100,99,10,99_chef_cooking_cooks_steps,"chef,cooking,cooks,steps,restaurant,jolted,plate,disadvantages,zeliha,tasting","
""Chefs and Love Triangles in Restaurants"",,,,,,,,,","Still reeling from a business failure, the restaurant manager of a ski resort finds her world jolted by a new chef, who has his own hidden past.,A disenchanted chef tries to help her parents restore their failing hotel but cooks up feelings for an investor with his sights set on the property.,While chasing her dream of becoming a chef, Zeliha cooks up trouble in the kitchen with her wild, kooky and unsuspecting ways."
101,100,10,100_social_media_internet_empires,"social,media,internet,empires,fame,built,furlan,finchers,zuckerberg,facebook","
""Social Media Empires & Fame"",,,,,,,,,","Aspiring to be an internet celebrity and make big bucks, a filmmaker travels the world to learn the tricks of the trade from social media influencers.,Self-made social media celebrities share the stories of how they built their online empires and where they plan to take their unexpected fame next.,Social media stars Paris Hilton, Josh Ostrovsky, Brittany Furlan and Kirill Bichutsky hustle to build online empires – and face the pitfalls of fame."
102,101,10,101_ii_allied_war_german,"ii,allied,war,german,squadron,soldiers,polish,nazis,aid,odds","
""Allied Forces in WWII: Preparation, Defense, Bombing Raids, and Odds Against Nazis"",,,,,,,,,","At the onset of World War II, a Polish infantry lacking firepower fight to build a strong defense and protect their peninsula against enemy forces.,A P-47 Thunderbolt squadron is shown in preparation, at play and in bombing raids aiming to halt Nazi supply lines and aid Allied ground troops.,During the last major German offensive of World War II, a group of Allied soldiers sets out against all odds to turn the war around."
103,102,10,102_documentary_creative_fashion_revealing,"documentary,creative,fashion,revealing,looks,designer,madonna,kevyn,mid1960s,merged","
""Fashion Documentaries: Creative Designers' Journeys"",,,,,,,,,","Featuring archival footage and exclusive interviews, this documentary looks at the rise, fall and comeback of charismatic fashion designer Zac Posen.,This revealing documentary follows Balmain creative director Olivier Rousteing as he brings his bold designs to life and goes in search of his origins.,The journey of fashion designer Jeremy Scott from humble roots on a Missouri farm to creative director of Moschino is charted in this documentary."